,driverId,forename,surname
0,1,Lewis,Hamilton
1,2,Nick,Heidfeld
2,3,Nico,Rosberg
3,4,Fernando,Alonso
4,5,Heikki,Kovalainen
5,6,Kazuki,Nakajima
6,7,Sébastien,Bourdais
7,8,Kimi,Räikkönen
8,9,Robert,Kubica
9,10,Timo,Glock
10,11,Takuma,Sato
11,12,Nelson,Piquet Jr.
12,13,Felipe,Massa
13,14,David,Coulthard
14,15,Jarno,Trulli
15,16,Adrian,Sutil
16,17,Mark,Webber
17,18,Jenson,Button
18,19,Anthony,Davidson
19,20,Sebastian,Vettel
20,21,Giancarlo,Fisichella
21,22,Rubens,Barrichello
22,23,Ralf,Schumacher
23,24,Vitantonio,Liuzzi
24,25,Alexander,Wurz
25,26,Scott,Speed
26,27,Christijan,Albers
27,28,Markus,Winkelhock
28,29,Sakon,Yamamoto
29,30,Michael,Schumacher
30,31,Juan,Pablo Montoya
31,32,Christian,Klien
32,33,Tiago,Monteiro
33,34,Yuji,Ide
34,35,Jacques,Villeneuve
35,36,Franck,Montagny
36,37,Pedro,de la Rosa
37,38,Robert,Doornbos
38,39,Narain,Karthikeyan
39,40,Patrick,Friesacher
40,41,Ricardo,Zonta
41,42,Antônio,Pizzonia
42,43,Cristiano,da Matta
43,44,Olivier,Panis
44,45,Giorgio,Pantano
45,46,Gianmaria,Bruni
46,47,Zsolt,Baumgartner
47,48,Marc,Gené
48,49,Heinz-Harald,Frentzen
49,50,Jos,Verstappen
50,51,Justin,Wilson
51,52,Ralph,Firman
52,53,Nicolas,Kiesa
53,54,Luciano,Burti
54,55,Jean,Alesi
55,56,Eddie,Irvine
56,57,Mika,Häkkinen
57,58,Tarso,Marques
58,59,Enrique,Bernoldi
59,60,Gastón,Mazzacane
60,61,Tomáš,Enge
61,62,Alex,Yoong
62,63,Mika,Salo
63,64,Pedro,Diniz
64,65,Johnny,Herbert
65,66,Allan,McNish
66,67,Sébastien,Buemi
67,68,Toranosuke,Takagi
68,69,Luca,Badoer
69,70,Alessandro,Zanardi
70,71,Damon,Hill
71,72,Stéphane,Sarrazin
72,73,Ricardo,Rosset
73,74,Esteban,Tuero
74,75,Shinji,Nakano
75,76,Jan,Magnussen
76,77,Gerhard,Berger
77,78,Nicola,Larini
78,79,Ukyo,Katayama
79,80,Vincenzo,Sospiri
80,81,Gianni,Morbidelli
81,82,Norberto,Fontana
82,83,Pedro,Lamy
83,84,Martin,Brundle
84,85,Andrea,Montermini
85,86,Giovanni,Lavaggi
86,87,Mark,Blundell
87,88,Aguri,Suzuki
88,89,Taki,Inoue
89,90,Roberto,Moreno
90,91,Karl,Wendlinger
91,92,Bertrand,Gachot
92,93,Domenico,Schiattarella
93,94,Pierluigi,Martini
94,95,Nigel,Mansell
95,96,Jean-Christophe,Boullion
96,97,Massimiliano,Papis
97,98,Jean-Denis,Délétraz
98,99,Gabriele,Tarquini
99,100,Érik,Comas
100,101,David,Brabham
101,102,Ayrton,Senna
102,103,Éric,Bernard
103,104,Christian,Fittipaldi
104,105,Michele,Alboreto
105,106,Olivier,Beretta
106,107,Roland,Ratzenberger
107,108,Paul,Belmondo
108,109,Jyrki,Järvilehto
109,110,Andrea,de Cesaris
110,111,Jean-Marc,Gounon
111,112,Philippe,Alliot
112,113,Philippe,Adams
113,114,Yannick,Dalmas
114,115,Hideki,Noda
115,116,Franck,Lagorce
116,117,Alain,Prost
117,118,Derek,Warwick
118,119,Riccardo,Patrese
119,120,Fabrizio,Barbazza
120,121,Michael,Andretti
121,122,Ivan,Capelli
122,123,Thierry,Boutsen
123,124,Marco,Apicella
124,125,Emanuele,Naspetti
125,126,Toshio,Suzuki
126,127,Maurício,Gugelmin
127,128,Eric,van de Poele
128,129,Olivier,Grouillard
129,130,Andrea,Chiesa
130,131,Stefano,Modena
131,132,Giovanna,Amati
132,133,Alex,Caffi
133,134,Enrico,Bertaggia
134,135,Perry,McCarthy
135,136,Jan,Lammers
136,137,Nelson,Piquet
137,138,Satoru,Nakajima
138,139,Emanuele,Pirro
139,140,Stefan,Johansson
140,141,Julian,Bailey
141,142,Pedro,Chaves
142,143,Michael,Bartels
143,144,Naoki,Hattori
144,145,Alessandro,Nannini
145,146,Bernd,Schneider
146,147,Paolo,Barilla
147,148,Gregor,Foitek
148,149,Claudio,Langes
149,150,Gary,Brabham
150,151,Martin,Donnelly
151,152,Bruno,Giacomelli
152,153,Jaime,Alguersuari
153,154,Romain,Grosjean
154,155,Kamui,Kobayashi
155,156,Jonathan,Palmer
156,157,Christian,Danner
157,158,Eddie,Cheever
158,159,Luis,Pérez-Sala
159,160,Piercarlo,Ghinzani
160,161,Volker,Weidler
161,162,Pierre-Henri,Raphanel
162,163,René,Arnoux
163,164,Joachim,Winkelhock
164,165,Oscar,Larrauri
165,166,Philippe,Streiff
166,167,Adrián,Campos
167,168,Jean-Louis,Schlesser
168,169,Pascal,Fabre
169,170,Teo,Fabi
170,171,Franco,Forini
171,172,Jacques,Laffite
172,173,Elio,de Angelis
173,174,Johnny,Dumfries
174,175,Patrick,Tambay
175,176,Marc,Surer
176,177,Keke,Rosberg
177,178,Alan,Jones
178,179,Huub,Rothengatter
179,180,Allen,Berg
180,181,Manfred,Winkelhock
181,182,Niki,Lauda
182,183,François,Hesnault
183,184,Mauro,Baldi
184,185,Stefan,Bellof
185,186,Kenny,Acheson
186,187,John,Watson
187,188,Johnny,Cecotto
188,189,Jo,Gartner
189,190,Corrado,Fabi
190,191,Mike,Thackwell
191,192,Chico,Serra
192,193,Danny,Sullivan
193,194,Eliseo,Salazar
194,195,Roberto,Guerrero
195,196,Raul,Boesel
196,197,Jean-Pierre,Jarier
197,198,Jacques,Villeneuve Sr.
198,199,Carlos,Reutemann
199,200,Jochen,Mass
200,201,Slim,Borgudd
201,202,Didier,Pironi
202,203,Gilles,Villeneuve
203,204,Riccardo,Paletti
204,205,Brian,Henton
205,206,Derek,Daly
206,207,Mario,Andretti
207,208,Emilio,de Villota
208,209,Geoff,Lees
209,210,Tommy,Byrne
210,211,Rupert,Keegan
211,212,Hector,Rebaque
212,213,Beppe,Gabbiani
213,214,Kevin,Cogan
214,215,Miguel Ángel,Guerra
215,216,Siegfried,Stohr
216,217,Ricardo,Zunino
217,218,Ricardo,Londoño
218,219,Jean-Pierre,Jabouille
219,220,Giorgio,Francia
220,221,Patrick,Depailler
221,222,Jody,Scheckter
222,223,Clay,Regazzoni
223,224,Emerson,Fittipaldi
224,225,Dave,Kennedy
225,226,Stephen,South
226,227,Tiff,Needell
227,228,Desiré,Wilson
228,229,Harald,Ertl
229,230,Vittorio,Brambilla
230,231,James,Hunt
231,232,Arturo,Merzario
232,233,Hans-Joachim,Stuck
233,234,Gianfranco,Brancatelli
234,235,Jacky,Ickx
235,236,Patrick,Gaillard
236,237,Alex,Ribeiro
237,238,Ronnie,Peterson
238,239,Brett,Lunger
239,240,Danny,Ongais
240,241,Lamberto,Leoni
241,242,Divina,Galica
242,243,Rolf,Stommelen
243,244,Alberto,Colombo
244,245,Tony,Trimmer
245,246,Hans,Binder
246,247,Michael,Bleekemolen
247,248,Carlo,Franchi
248,249,Bobby,Rahal
249,250,Carlos,Pace
250,251,Ian,Scheckter
251,252,Tom,Pryce
252,253,Ingo,Hoffmann
253,254,Renzo,Zorzi
254,255,Gunnar,Nilsson
255,256,Larry,Perkins
256,257,Boy,Lunger
257,258,Patrick,Nève
258,259,David,Purley
259,260,Conny,Andersson
260,261,Bernard,de Dryver
261,262,Jackie,Oliver
262,263,Mikko,Kozarowitzky
263,264,Andy,Sutcliffe
264,265,Guy,Edwards
265,266,Brian,McGuire
266,267,Vern,Schuppan
267,268,Hans,Heyer
268,269,Teddy,Pilette
269,270,Ian,Ashley
270,271,Loris,Kessel
271,272,Kunimitsu,Takahashi
272,273,Kazuyoshi,Hoshino
273,274,Noritake,Takahara
274,275,Lella,Lombardi
275,276,Bob,Evans
276,277,Michel,Leclère
277,278,Chris,Amon
278,279,Emilio,Zapico
279,280,Henri,Pescarolo
280,281,Jac,Nelleman
281,282,Damien,Magee
282,283,Mike,Wilds
283,284,Alessandro,Pesenti-Rossi
284,285,Otto,Stuppacher
285,286,Warwick,Brown
286,287,Masahiro,Hasemi
287,288,Mark,Donohue
288,289,Graham,Hill
289,290,Wilson,Fittipaldi
290,291,Guy,Tunmer
291,292,Eddie,Keizan
292,293,Dave,Charlton
293,294,Tony,Brise
294,295,Roelof,Wunderink
295,296,François,Migault
296,297,Torsten,Palm
297,298,Gijs,van Lennep
298,299,Hiroshi,Fushida
299,300,John,Nicholson
300,301,Dave,Morgan
301,302,Jim,Crawford
302,303,Jo,Vonlanthen
303,304,Denny,Hulme
304,305,Mike,Hailwood
305,306,Jean-Pierre,Beltoise
306,307,Howden,Ganley
307,308,Richard,Robarts
308,309,Peter,Revson
309,310,Paddy,Driver
310,311,Tom,Belsø
311,312,Brian,Redman
312,313,Rikky,von Opel
313,314,Tim,Schenken
314,315,Gérard,Larrousse
315,316,Leo,Kinnunen
316,317,Reine,Wisell
317,318,Bertil,Roos
318,319,José,Dolhem
319,320,Peter,Gethin
320,321,Derek,Bell
321,322,David,Hobbs
322,323,Dieter,Quester
323,324,Helmuth,Koinigg
324,325,Carlo,Facetti
325,326,Eppie,Wietzes
326,327,François,Cevert
327,328,Jackie,Stewart
328,329,Mike,Beuttler
329,330,Nanni,Galli
330,331,Luiz,Bueno
331,332,George,Follmer
332,333,Andrea,de Adamich
333,334,Jackie,Pretorius
334,335,Roger,Williamson
335,336,Graham,McRae
336,337,Helmut,Marko
337,338,David,Walker
338,339,Alex,Soler-Roig
339,340,John,Love
340,341,John,Surtees
341,342,Skip,Barber
342,343,Bill,Brack
343,344,Sam,Posey
344,345,Pedro,Rodríguez
345,346,Jo,Siffert
346,347,Jo,Bonnier
347,348,François,Mazet
348,349,Max,Jean
349,350,Vic,Elford
350,351,Silvio,Moser
351,352,George,Eaton
352,353,Pete,Lovely
353,354,Chris,Craft
354,355,John,Cannon
355,356,Jack,Brabham
356,357,John,Miles
357,358,Jochen,Rindt
358,359,Johnny,Servoz-Gavin
359,360,Bruce,McLaren
360,361,Piers,Courage
361,362,Peter,de Klerk
362,363,Ignazio,Giunti
363,364,Dan,Gurney
364,365,Hubert,Hahne
365,366,Gus,Hutchison
366,367,Peter,Westbury
367,368,Sam,Tingle
368,369,Basil,van Rooyen
369,370,Richard,Attwood
370,371,Al,Pease
371,372,John,Cordts
372,373,Jim,Clark
373,374,Mike,Spence
374,375,Ludovico,Scarfiotti
375,376,Lucien,Bianchi
376,377,Jo,Schlesser
377,378,Robin,Widdows
378,379,Kurt,Ahrens
379,380,Frank,Gardner
380,381,Bobby,Unser
381,382,Moisés,Solana
382,383,Bob,Anderson
383,384,Luki,Botha
384,385,Lorenzo,Bandini
385,386,Richie,Ginther
386,387,Mike,Parkes
387,388,Chris,Irwin
388,389,Guy,Ligier
389,390,Alan,Rees
390,391,Brian,Hart
391,392,Mike,Fisher
392,393,Tom,Jones
393,394,Giancarlo,Baghetti
394,395,Jonathan,Williams
395,396,Bob,Bondurant
396,397,Peter,Arundell
397,398,Vic,Wilson
398,399,John,Taylor
399,400,Chris,Lawrence
400,401,Trevor,Taylor
401,402,Giacomo,Russo
402,403,Phil,Hill
403,404,Innes,Ireland
404,405,Ronnie,Bucknum
405,406,Paul,Hawkins
406,407,David,Prophet
407,408,Tony,Maggs
408,409,Trevor,Blokdyk
409,410,Neville,Lederle
410,411,Doug,Serrurier
411,412,Brausch,Niemann
412,413,Ernie,Pieterse
413,414,Clive,Puzey
414,415,Ray,Reed
415,416,David,Clapham
416,417,Alex,Blignaut
417,418,Masten,Gregory
418,419,John,Rhodes
419,420,Ian,Raby
420,421,Alan,Rollinson
421,422,Brian,Gubby
422,423,Gerhard,Mitter
423,424,Roberto,Bussinello
424,425,Nino,Vaccarella
425,426,Giorgio,Bassi
426,427,Maurice,Trintignant
427,428,Bernard,Collomb
428,429,André,Pilette
429,430,Carel Godin,de Beaufort
430,431,Edgar,Barth
431,432,Mário de Araújo,Cabral
432,433,Walt,Hansgen
433,434,Hap,Sharp
434,435,Willy,Mairesse
435,436,John,Campbell-Jones
436,437,Ian,Burgess
437,438,Tony,Settember
438,439,Nasif,Estéfano
439,440,Jim,Hall
440,441,Tim,Parnell
441,442,Kurt,Kuhnke
442,443,Ernesto,Brambilla
443,444,Roberto,Lippi
444,445,Günther,Seiffert
445,446,Carlo,Abate
446,447,Gaetano,Starrabba
447,448,Peter,Broeker
448,449,Rodger,Ward
449,450,Ernie,de Vos
450,451,Frank,Dochnal
451,452,Thomas,Monarch
452,842,Pierre,Gasly
453,453,Jackie,Lewis
454,454,Ricardo,Rodríguez
455,455,Wolfgang,Seidel
456,456,Roy,Salvadori
457,457,Ben,Pon
458,458,Rob,Slotemaker
459,459,Tony,Marsh
460,460,Gerry,Ashmore
461,461,Heinz,Schiller
462,462,Colin,Davis
463,463,Jay,Chamberlain
464,464,Tony,Shelly
465,465,Keith,Greene
466,466,Heini,Walter
467,467,Ernesto,Prinoth
468,468,Roger,Penske
469,469,Rob,Schroeder
470,470,Timmy,Mayer
471,471,Bruce,Johnstone
472,472,Mike,Harris
473,473,Gary,Hocking
474,474,Syd,van der Vyver
475,475,Stirling,Moss
476,476,Wolfgang,von Trips
477,477,Cliff,Allison
478,478,Hans,Herrmann
479,479,Tony,Brooks
480,480,Michael,May
481,481,Henry,Taylor
482,482,Olivier,Gendebien
483,483,Giorgio,Scarlatti
484,484,Brian,Naylor
485,485,Juan Manuel,Bordeu
486,486,Jack,Fairman
487,487,Massimo,Natili
488,488,Peter,Monteverdi
489,489,Renato,Pirocchi
490,490,Geoff,Duke
491,491,Alfonso,Thiele
492,492,Menato,Boffa
493,493,Peter,Ryan
494,494,Lloyd,Ruby
495,495,Ken,Miles
496,496,Carlos,Menditeguy
497,497,Alberto Rodriguez,Larreta
498,498,José Froilán,González
499,499,Roberto,Bonomi
500,500,Gino,Munaron
501,501,Harry,Schell
502,502,Alan,Stacey
503,503,Ettore,Chimeri
504,504,Antonio,Creus
505,505,Chris,Bristow
506,506,Bruce,Halford
507,507,Chuck,Daigh
508,508,Lance,Reventlow
509,509,Jim,Rathmann
510,510,Paul,Goldsmith
511,511,Don,Branson
512,512,Johnny,Thomson
513,513,Eddie,Johnson
514,514,Bob,Veith
515,515,Bud,Tingelstad
516,516,Bob,Christie
517,517,Red,Amick
518,518,Duane,Carter
519,519,Bill,Homeier
520,520,Gene,Hartley
521,521,Chuck,Stevenson
522,522,Bobby,Grim
523,523,Shorty,Templeman
524,524,Jim,Hurtubise
525,525,Jimmy,Bryan
526,526,Troy,Ruttman
527,527,Eddie,Sachs
528,528,Don,Freeland
529,529,Tony,Bettenhausen
530,530,Wayne,Weiler
531,531,Anthony,Foyt
532,532,Eddie,Russo
533,533,Johnny,Boyd
534,534,Gene,Force
535,535,Jim,McWithey
536,536,Len,Sutton
537,537,Dick,Rathmann
538,538,Al,Herman
539,539,Dempsey,Wilson
540,540,Mike,Taylor
541,541,Ron,Flockhart
542,542,David,Piper
543,543,Giulio,Cabianca
544,544,Piero,Drogo
545,545,Fred,Gamble
546,546,Arthur,Owen
547,547,Horace,Gould
548,548,Bob,Drake
549,549,Ivor,Bueb
550,550,Alain,de Changy
551,551,Maria,de Filippis
552,552,Jean,Lucienbonnet
553,553,André,Testut
554,554,Jean,Behra
555,555,Paul,Russo
556,556,Jimmy,Daywalt
557,557,Chuck,Arnold
558,558,Al,Keller
559,559,Pat,Flaherty
560,560,Bill,Cheesbourg
561,561,Ray,Crawford
562,562,Jack,Turner
563,563,Chuck,Weyant
564,564,Jud,Larson
565,565,Mike,Magill
566,566,Carroll,Shelby
567,567,Fritz,d'Orey
568,568,Azdrubal,Fontes
569,569,Peter,Ashdown
570,570,Bill,Moss
571,571,Dennis,Taylor
572,572,Harry,Blanchard
573,573,Alessandro,de Tomaso
574,574,George,Constantine
575,575,Bob,Said
576,576,Phil,Cade
577,577,Luigi,Musso
578,578,Mike,Hawthorn
579,579,Juan,Fangio
580,580,Paco,Godia
581,581,Peter,Collins
582,582,Ken,Kavanagh
583,583,Gerino,Gerini
584,584,Bruce,Kessler
585,585,Paul,Emery
586,586,Luigi,Piotti
587,587,Bernie,Ecclestone
588,588,Luigi,Taramazzo
589,589,Louis,Chiron
590,590,Stuart,Lewis-Evans
591,591,George,Amick
592,592,Jimmy,Reece
593,593,Johnnie,Parsons
594,594,Johnnie,Tolan
595,595,Billy,Garrett
596,596,Ed,Elisian
597,597,Pat,O'Connor
598,598,Jerry,Unser
599,599,Art,Bisch
600,600,Christian,Goethals
601,601,Dick,Gibson
602,602,Robert,La Caze
603,603,André,Guelfi
604,604,François,Picard
605,605,Tom,Bridger
606,606,Alfonso,de Portago
607,607,Cesare,Perdisa
608,608,Eugenio,Castellotti
609,609,André,Simon
610,610,Les,Leston
611,611,Sam,Hanks
612,612,Andy,Linden
613,613,Marshall,Teague
614,614,Don,Edmunds
615,615,Fred,Agabashian
616,616,Elmer,George
617,617,Mike,MacDowel
618,618,Herbert,MacKay-Fraser
619,619,Bob,Gerard
620,620,Umberto,Maglioli
621,621,Paul,England
622,622,Chico,Landi
623,623,Alberto,Uria
624,624,Hernando,da Silva Ramos
625,625,Élie,Bayol
626,626,Robert,Manzon
627,627,Louis,Rosier
628,628,Bob,Sweikert
629,629,Cliff,Griffith
630,630,Duke,Dinsmore
631,631,Keith,Andrews
632,632,Paul,Frère
633,633,Luigi,Villoresi
634,634,Piero,Scotti
635,635,Colin,Chapman
636,636,Desmond,Titterington
637,637,Archie,Scott Brown
638,638,Ottorino,Volonterio
639,639,André,Milhoux
640,640,Toulo,de Graffenried
641,641,Piero,Taruffi
642,642,Nino,Farina
643,643,Roberto,Mieres
644,644,Sergio,Mantovani
645,645,Clemar,Bucci
646,646,Jesús,Iglesias
647,647,Alberto,Ascari
648,648,Karl,Kling
649,649,Pablo,Birger
650,650,Jacques,Pollet
651,651,Lance,Macklin
652,652,Ted,Whiteaway
653,653,Jimmy,Davies
654,654,Walt,Faulkner
655,655,Cal,Niday
656,656,Art,Cross
657,657,Bill,Vukovich
658,658,Jack,McGrath
659,659,Jerry,Hoyt
660,660,Johnny,Claes
661,661,Peter,Walker
662,662,Mike,Sparken
663,663,Ken,Wharton
664,664,Kenneth,McAlpine
665,665,Leslie,Marr
666,666,Tony,Rolt
667,667,John,Fitch
668,668,Jean,Lucas
669,669,Prince,Bira
670,670,Onofre,Marimón
671,671,Roger,Loyer
672,672,Jorge,Daponte
673,673,Mike,Nazaruk
674,674,Larry,Crockett
675,675,Manny,Ayulo
676,676,Frank,Armi
677,677,Travis,Webb
678,678,Len,Duncan
679,679,Ernie,McCoy
680,680,Jacques,Swaters
681,681,Georges,Berger
682,682,Don,Beauman
683,683,Leslie,Thorne
684,684,Bill,Whitehouse
685,685,John,Riseley-Prichard
686,686,Reg,Parnell
687,687,Peter,Whitehead
688,688,Eric,Brandon
689,689,Alan,Brown
690,690,Rodney,Nuckey
691,691,Hermann,Lang
692,692,Theo,Helfrich
693,693,Fred,Wacker
694,694,Giovanni,de Riu
695,695,Oscar,Gálvez
696,696,John,Barber
697,697,Felice,Bonetto
698,698,Adolfo,Cruz
699,699,Duke,Nalon
700,700,Carl,Scarborough
701,701,Bill,Holland
702,702,Bob,Scott
703,703,Arthur,Legat
704,704,Yves,Cabantous
705,705,Tony,Crook
706,706,Jimmy,Stewart
707,707,Ian,Stewart
708,708,Duncan,Hamilton
709,709,Ernst,Klodwig
710,710,Rudolf,Krause
711,711,Oswald,Karch
712,712,Willi,Heeks
713,713,Theo,Fitzau
714,714,Kurt,Adolff
715,715,Günther,Bechem
716,716,Erwin,Bauer
717,717,Hans,von Stuck
718,718,Ernst,Loof
719,719,Albert,Scherrer
720,720,Max,de Terra
721,721,Peter,Hirt
722,722,Piero,Carini
723,723,Rudi,Fischer
724,724,Toni,Ulmen
725,725,George,Abecassis
726,726,George,Connor
727,727,Jim,Rigsby
728,728,Joe,James
729,729,Bill,Schindler
730,730,George,Fonder
731,731,Henry,Banks
732,732,Johnny,McDowell
733,733,Chet,Miller
734,734,Bobby,Ball
735,735,Charles,de Tornaco
736,736,Roger,Laurent
737,737,Robert,O'Brien
738,738,Tony,Gaze
739,739,Robin,Montgomerie-Charrington
740,740,Franco,Comotti
741,741,Philippe,Étancelin
742,742,Dennis,Poore
743,743,Eric,Thompson
744,744,Ken,Downing
745,745,Graham,Whitehead
746,746,Gino,Bianco
747,747,David,Murray
748,748,Eitel,Cantoni
749,749,Bill,Aston
750,750,Adolf,Brudes
751,751,Fritz,Riess
752,752,Helmut,Niedermayr
753,753,Hans,Klenk
754,754,Marcel,Balsa
755,755,Rudolf,Schoeller
756,756,Paul,Pietsch
757,757,Josef,Peters
758,758,Dries,van der Lof
759,759,Jan,Flinterman
760,760,Piero,Dusio
761,761,Alberto,Crespo
762,762,Franco,Rol
763,763,Consalvo,Sanesi
764,764,Guy,Mairesse
765,765,Henri,Louveau
766,766,Lee,Wallard
767,767,Carl,Forberg
768,768,Mauri,Rose
769,769,Bill,Mackey
770,770,Cecil,Green
771,771,Walt,Brown
772,772,Mack,Hellings
773,773,Pierre,Levegh
774,774,Eugène,Chaboud
775,775,Aldo,Gordini
776,776,Joe,Kelly
777,777,Philip,Fotheringham-Parker
778,778,Brian,Shawe Taylor
779,779,John,James
780,780,Toni,Branca
781,781,Ken,Richardson
782,782,Juan,Jover
783,783,Georges,Grignard
784,784,David,Hampshire
785,785,Geoff,Crossley
786,786,Luigi,Fagioli
787,787,Cuth,Harrison
788,788,Joe,Fry
789,789,Eugène,Martin
790,790,Leslie,Johnson
791,791,Clemente,Biondetti
792,792,Alfredo,Pián
793,793,Raymond,Sommer
794,794,Joie,Chitwood
795,795,Myron,Fohr
796,796,Walt,Ader
797,797,Jackie,Holmes
798,798,Bayliss,Levrett
799,799,Jimmy,Jackson
800,800,Nello,Pagani
801,801,Charles,Pozzi
802,802,Dorino,Serafini
803,803,Bill,Cantrell
804,804,Johnny,Mantz
805,805,Danny,Kladis
806,806,Óscar,González
807,807,Nico,Hülkenberg
808,808,Vitaly,Petrov
809,810,Lucas,di Grassi
810,811,Bruno,Senna
811,812,Karun,Chandhok
812,813,Pastor,Maldonado
813,814,Paul,di Resta
814,815,Sergio,Pérez
815,816,Jérôme,d'Ambrosio
816,817,Daniel,Ricciardo
817,818,Jean-Éric,Vergne
818,819,Charles,Pic
819,820,Max,Chilton
820,821,Esteban,Gutiérrez
821,822,Valtteri,Bottas
822,823,Giedo,van der Garde
823,824,Jules,Bianchi
824,825,Kevin,Magnussen
825,826,Daniil,Kvyat
826,827,André,Lotterer
827,828,Marcus,Ericsson
828,829,Will,Stevens
829,830,Max,Verstappen
830,831,Felipe,Nasr
831,832,Carlos,Sainz
832,833,Roberto,Merhi
833,834,Alexander,Rossi
834,835,Jolyon,Palmer
835,836,Pascal,Wehrlein
836,837,Rio,Haryanto
837,838,Stoffel,Vandoorne
838,839,Esteban,Ocon
839,840,Lance,Stroll
840,841,Antonio,Giovinazzi
841,843,Brendon,Hartley
842,844,Charles,Leclerc
843,845,Sergey,Sirotkin
844,846,Lando,Norris
845,847,George,Russell
846,848,Alexander,Albon
847,849,Nicholas,Latifi
848,850,Pietro,Fittipaldi
849,851,Jack,Aitken
850,852,Yuki,Tsunoda
851,853,Nikita,Mazepin
852,854,Mick,Schumacher
